date,close
01-01-2015,489.73
02-01-2015,499.35
05-01-2015,495.06
06-01-2015,484.72
07-01-2015,487.04
08-01-2015,489.49
09-01-2015,514.54
12-01-2015,524.84
13-01-2015,518.13
14-01-2015,527.99
15-01-2015,529.38
16-01-2015,525.42
19-01-2015,521.5
20-01-2015,526.88
21-01-2015,538.22
22-01-2015,544.81
23-01-2015,549.42
27-01-2015,529.94
28-01-2015,531.93
29-01-2015,532.17
30-01-2015,531.27
02-02-2015,530.02
03-02-2015,526.07
04-02-2015,531.51
05-02-2015,544.15
06-02-2015,553.25
09-02-2015,557.81
10-02-2015,565.11
11-02-2015,566.73
12-02-2015,573.27
13-02-2015,569.52
16-02-2015,565.22
18-02-2015,569.62
19-02-2015,576.62
20-02-2015,566.3
23-02-2015,561.96
24-02-2015,563.74
25-02-2015,574.86
26-02-2015,560.1
27-02-2015,561.99
28-02-2015,569.61
02-03-2015,568.43
03-03-2015,569.96
04-03-2015,564.2
05-03-2015,557.49
09-03-2015,543.22
10-03-2015,545.19
11-03-2015,541.27
12-03-2015,550.22
13-03-2015,550.75
16-03-2015,562.22
17-03-2015,555.73
18-03-2015,553
19-03-2015,553.24
20-03-2015,559.94
23-03-2015,553.98
24-03-2015,548.53
25-03-2015,550.42
26-03-2015,532.38
27-03-2015,546.22
30-03-2015,552.63
31-03-2015,550.24
01-04-2015,539.22
06-04-2015,540.28
07-04-2015,535.64
08-04-2015,545.82
09-04-2015,549.41
10-04-2015,554.11
13-04-2015,555.31
15-04-2015,549.08
16-04-2015,544.36
17-04-2015,540.54
20-04-2015,528.86
21-04-2015,531.45
22-04-2015,530.23
23-04-2015,526.34
24-04-2015,494.89
27-04-2015,492.27
28-04-2015,486.38
29-04-2015,486.44
30-04-2015,481.75
04-05-2015,494.37
05-05-2015,486.84
06-05-2015,476.74
07-05-2015,482.19
08-05-2015,485.65
11-05-2015,494.5
12-05-2015,482.96
13-05-2015,485.34
14-05-2015,479.91
15-05-2015,486.59
18-05-2015,494.35
19-05-2015,501.62
20-05-2015,507.81
21-05-2015,508.1
22-05-2015,507.6
25-05-2015,500.25
26-05-2015,497.89
27-05-2015,488.26
28-05-2015,500.2
29-05-2015,501.82
01-06-2015,507.93
02-06-2015,498.22
03-06-2015,501.26
04-06-2015,503.04
05-06-2015,498.97
08-06-2015,496.09
09-06-2015,494.12
10-06-2015,502.65
11-06-2015,495.5
12-06-2015,489.89
15-06-2015,491.34
16-06-2015,495.76
17-06-2015,493.94
18-06-2015,497.05
19-06-2015,493.77
22-06-2015,507.91
23-06-2015,496.28
24-06-2015,493.65
25-06-2015,491.34
26-06-2015,498.68
29-06-2015,491.19
30-06-2015,488.31
01-07-2015,494.79
02-07-2015,490.13
03-07-2015,491.27
06-07-2015,487.79
07-07-2015,486.4
08-07-2015,474.99
09-07-2015,465.32
10-07-2015,465.07
13-07-2015,471.35
14-07-2015,481.82
15-07-2015,488.14
16-07-2015,490.65
17-07-2015,497
20-07-2015,496.7
21-07-2015,551.96
22-07-2015,547.25
23-07-2015,544.69
24-07-2015,539.53
27-07-2015,528.47
28-07-2015,527.26
29-07-2015,538.44
30-07-2015,530.8
31-07-2015,534.3
03-08-2015,535.24
04-08-2015,524.48
05-08-2015,538.91
06-08-2015,539.21
07-08-2015,543.5
10-08-2015,538.74
11-08-2015,550.22
12-08-2015,567.71
13-08-2015,574.46
14-08-2015,570.12
17-08-2015,566.6
18-08-2015,577.61
19-08-2015,583.16
20-08-2015,562.83
21-08-2015,570.44
24-08-2015,541.74
25-08-2015,538.57
26-08-2015,528.12
27-08-2015,537.15
28-08-2015,551.17
31-08-2015,542.91
01-09-2015,540.23
02-09-2015,545.41
03-09-2015,545.36
04-09-2015,532.76
07-09-2015,525.22
08-09-2015,525.25
09-09-2015,540.08
10-09-2015,535.99
11-09-2015,541.1
14-09-2015,545.56
15-09-2015,545.29
16-09-2015,546.5
18-09-2015,547.89
21-09-2015,547.99
22-09-2015,549.38
23-09-2015,553.75
24-09-2015,565.8
28-09-2015,548.44
29-09-2015,556.53
30-09-2015,576.42
01-10-2015,581.92
05-10-2015,586.24
06-10-2015,572.77
07-10-2015,562.16
08-10-2015,561.63
09-10-2015,579.12
12-10-2015,557.05
13-10-2015,545.39
14-10-2015,544.5
15-10-2015,544.37
16-10-2015,543.16
19-10-2015,551.61
20-10-2015,558.56
21-10-2015,564.74
23-10-2015,570.44
26-10-2015,571.56
27-10-2015,570.19
28-10-2015,572.08
29-10-2015,568.03
30-10-2015,563.27
02-11-2015,561.16
03-11-2015,568.26
04-11-2015,563.94
05-11-2015,557.05
06-11-2015,564.69
09-11-2015,562.85
10-11-2015,547.6
11-11-2015,549.46
13-11-2015,546.08
16-11-2015,535.86
17-11-2015,526.59
18-11-2015,506
19-11-2015,519.79
20-11-2015,522.07
23-11-2015,522.72
24-11-2015,516.49
26-11-2015,522.07
27-11-2015,528.99
30-11-2015,539.68
01-12-2015,535.27
02-12-2015,526.19
03-12-2015,524.73
04-12-2015,520.41
07-12-2015,519.02
08-12-2015,518.1
09-12-2015,510.07
10-12-2015,519.57
11-12-2015,522.27
14-12-2015,530.56
15-12-2015,534.55
16-12-2015,543.63
17-12-2015,549.21
18-12-2015,537.33
21-12-2015,547.4
22-12-2015,537.62
23-12-2015,546.11
24-12-2015,543.88
28-12-2015,548.04
29-12-2015,548.02
30-12-2015,538.89
31-12-2015,548.36
01-01-2016,548.29
04-01-2016,535.22
05-01-2016,532.81
06-01-2016,530.48
07-01-2016,521.28
08-01-2016,527.48
11-01-2016,523.71
12-01-2016,520.86
13-01-2016,537.45
14-01-2016,562.06
15-01-2016,565.48
18-01-2016,561.51
19-01-2016,565.36
20-01-2016,556.23
21-01-2016,564.07
22-01-2016,563.67
25-01-2016,564.36
27-01-2016,564.78
28-01-2016,560.37
29-01-2016,577.88
01-02-2016,582.07
02-02-2016,583.16
03-02-2016,574.31
04-02-2016,585.25
05-02-2016,582.74
08-02-2016,570.89
09-02-2016,549.48
10-02-2016,549.93
11-02-2016,535.09
12-02-2016,538.07
15-02-2016,541.59
16-02-2016,535.34
17-02-2016,544.62
18-02-2016,557.29
19-02-2016,559.2
22-02-2016,558.91
23-02-2016,557.54
24-02-2016,558.26
25-02-2016,550.8
26-02-2016,556.18
29-02-2016,537.77
01-03-2016,558.31
02-03-2016,573.47
03-03-2016,580.06
04-03-2016,580.73
08-03-2016,577.16
09-03-2016,584.63
10-03-2016,566.77
11-03-2016,567.02
14-03-2016,566.12
15-03-2016,562.75
16-03-2016,571.71
17-03-2016,576.32
18-03-2016,592.02
21-03-2016,592.76
22-03-2016,590.31
23-03-2016,599.16
28-03-2016,597.72
29-03-2016,593.93
30-03-2016,598.25
31-03-2016,604.37
01-04-2016,598
04-04-2016,616.97
05-04-2016,605.12
06-04-2016,595.64
07-04-2016,586.12
08-04-2016,578.3
11-04-2016,587.31
12-04-2016,586.46
13-04-2016,581.75
18-04-2016,614.49
20-04-2016,616.92
21-04-2016,608.34
22-04-2016,600.87
25-04-2016,603.16
26-04-2016,611.24
27-04-2016,615.21
28-04-2016,599.83
29-04-2016,599.31
02-05-2016,595.81
03-05-2016,584.28
04-05-2016,589.76
05-05-2016,591.55
06-05-2016,586.12
09-05-2016,594.82
10-05-2016,601.64
11-05-2016,596.21
12-05-2016,600.25
13-05-2016,598.89
16-05-2016,602.73
17-05-2016,602.36
18-05-2016,600.18
19-05-2016,598.15
20-05-2016,596.09
23-05-2016,589.34
24-05-2016,589.22
25-05-2016,599.58
26-05-2016,612.23
27-05-2016,618.86
30-05-2016,628.83
31-05-2016,619.43
01-06-2016,624.17
02-06-2016,625.83
03-06-2016,628.48
06-06-2016,628.41
07-06-2016,623.77
08-06-2016,614.19
09-06-2016,588.1
10-06-2016,585.67
13-06-2016,585.82
14-06-2016,582.89
15-06-2016,590.31
16-06-2016,588.35
17-06-2016,585.12
20-06-2016,599.63
21-06-2016,598.32
22-06-2016,595.05
23-06-2016,601.05
24-06-2016,592.59
27-06-2016,578.53
28-06-2016,575.03
29-06-2016,583.81
30-06-2016,580.81
01-07-2016,581.6
04-07-2016,587.33
05-07-2016,583.11
07-07-2016,574.09
08-07-2016,574.56
11-07-2016,582.92
12-07-2016,583.66
13-07-2016,592.22
14-07-2016,583.51
15-07-2016,532.07
18-07-2016,536.73
19-07-2016,539.21
20-07-2016,537.3
21-07-2016,535.71
22-07-2016,532.02
25-07-2016,536.19
26-07-2016,540.08
27-07-2016,538.42
28-07-2016,534.52
29-07-2016,532.71
01-08-2016,538.37
02-08-2016,537.65
03-08-2016,538.2
04-08-2016,531.7
05-08-2016,529.81
08-08-2016,535.12
09-08-2016,537.45
10-08-2016,536.93
11-08-2016,534.45
12-08-2016,527.11
16-08-2016,521.77
17-08-2016,512.6
18-08-2016,507.69
19-08-2016,506.64
22-08-2016,503.74
23-08-2016,515.75
24-08-2016,524.55
25-08-2016,514.01
26-08-2016,506.12
29-08-2016,507.39
30-08-2016,516.12
31-08-2016,513.86
01-09-2016,514.71
02-09-2016,511.88
06-09-2016,518.4
07-09-2016,523.04
08-09-2016,514.76
09-09-2016,513.69
12-09-2016,522.87
14-09-2016,518.7
15-09-2016,517.01
16-09-2016,525.92
19-09-2016,526.44
20-09-2016,520.96
21-09-2016,523.73
22-09-2016,525.25
23-09-2016,517.19
26-09-2016,513.89
27-09-2016,515.8
28-09-2016,515.4
29-09-2016,510.56
30-09-2016,513.96
03-10-2016,514.98
04-10-2016,520.49
05-10-2016,516.67
06-10-2016,509.67
07-10-2016,502.3
10-10-2016,510.94
13-10-2016,522.05
14-10-2016,509.55
17-10-2016,507.19
18-10-2016,515.45
19-10-2016,516.81
20-10-2016,514.26
21-10-2016,515.08
24-10-2016,509.52
25-10-2016,504.61
26-10-2016,503.12
27-10-2016,497.81
28-10-2016,494.84
30-10-2016,497.12
01-11-2016,490.84
02-11-2016,486.68
03-11-2016,479.63
04-11-2016,481.69
07-11-2016,485.14
08-11-2016,487.45
09-11-2016,475.39
10-11-2016,466.02
11-11-2016,457.16
15-11-2016,458.15
16-11-2016,466.76
17-11-2016,461.25
18-11-2016,456.39
21-11-2016,451.98
22-11-2016,453.51
23-11-2016,456.52
24-11-2016,461.5
25-11-2016,484.92
28-11-2016,486.03
29-11-2016,482.49
30-11-2016,483.95
01-12-2016,483.97
02-12-2016,478.47
05-12-2016,477.05
06-12-2016,479.46
07-12-2016,479.41
08-12-2016,488.46
09-12-2016,490.79
12-12-2016,484.84
13-12-2016,491.22
14-12-2016,495.95
15-12-2016,492.28
16-12-2016,498.63
19-12-2016,498.38
20-12-2016,502.11
21-12-2016,496.85
22-12-2016,488.49
23-12-2016,490.35
26-12-2016,487.52
27-12-2016,495.56
28-12-2016,495.33
29-12-2016,492.28
30-12-2016,501.34
02-01-2017,496.62
03-01-2017,493.03
04-01-2017,494.96
05-01-2017,494.17
06-01-2017,482.31
09-01-2017,481.37
10-01-2017,481.47
11-01-2017,480.75
12-01-2017,496.1
13-01-2017,484.07
16-01-2017,474.08
17-01-2017,473.95
18-01-2017,471.67
19-01-2017,475.29
20-01-2017,470.63
23-01-2017,472.61
24-01-2017,469.07
25-01-2017,464.63
27-01-2017,467.38
30-01-2017,470.95
31-01-2017,460.66
01-02-2017,454.78
02-02-2017,464.28
03-02-2017,464.38
06-02-2017,463.96
07-02-2017,467.43
08-02-2017,464.58
09-02-2017,469.29
10-02-2017,480.35
13-02-2017,488.31
14-02-2017,489.98
15-02-2017,487.05
16-02-2017,502.08
17-02-2017,496.13
20-02-2017,501.16
21-02-2017,502.82
22-02-2017,491.19
23-02-2017,500.47
27-02-2017,502.23
28-02-2017,502.23
01-03-2017,508.55
02-03-2017,507.64
03-03-2017,511.56
06-03-2017,512.9
07-03-2017,505.9
08-03-2017,499.95
09-03-2017,501.81
10-03-2017,506.92
14-03-2017,513.34
15-03-2017,502.01
16-03-2017,510.39
17-03-2017,516.07
20-03-2017,506.74
21-03-2017,512.37
22-03-2017,509.82
23-03-2017,516.14
24-03-2017,511.65
27-03-2017,510.39
28-03-2017,513.52
29-03-2017,511.88
30-03-2017,508.73
31-03-2017,507.12
03-04-2017,500.44
05-04-2017,494.07
06-04-2017,495.88
07-04-2017,486.93
10-04-2017,472.96
11-04-2017,479.78
12-04-2017,480.63
13-04-2017,462.05
17-04-2017,458.82
18-04-2017,457.71
19-04-2017,455.99
20-04-2017,460.01
21-04-2017,458.23
24-04-2017,459.64
25-04-2017,461.03
26-04-2017,453.54
27-04-2017,459
28-04-2017,455.87
02-05-2017,457.68
03-05-2017,463.49
04-05-2017,465.15
05-05-2017,462.1
08-05-2017,469.04
09-05-2017,469.61
10-05-2017,468.12
11-05-2017,468.35
12-05-2017,478.34
15-05-2017,472.04
16-05-2017,473.75
17-05-2017,472.66
18-05-2017,477.1
19-05-2017,475.22
22-05-2017,476.95
23-05-2017,474.9
24-05-2017,473.66
25-05-2017,487.79
26-05-2017,493.94
29-05-2017,488.71
30-05-2017,494.19
31-05-2017,484.69
01-06-2017,481.89
02-06-2017,480.92
05-06-2017,475.61
06-06-2017,485.83
07-06-2017,476.88
08-06-2017,474.47
09-06-2017,470.58
12-06-2017,478.14
13-06-2017,475.14
14-06-2017,475.54
15-06-2017,472.32
16-06-2017,466.44
19-06-2017,461.28
20-06-2017,468.07
21-06-2017,467.98
22-06-2017,466.39
23-06-2017,467.93
27-06-2017,459.89
28-06-2017,458.72
29-06-2017,461.45
30-06-2017,464.11
03-07-2017,472.22
04-07-2017,477.3
05-07-2017,471.72
06-07-2017,469.79
07-07-2017,464.03
10-07-2017,474.77
11-07-2017,483.85
12-07-2017,482.36
13-07-2017,484.69
14-07-2017,482.21
17-07-2017,488.17
18-07-2017,488.93
19-07-2017,486.08
20-07-2017,480.92
21-07-2017,486.21
24-07-2017,491.39
25-07-2017,493.03
26-07-2017,493.13
27-07-2017,481.72
28-07-2017,494.76
31-07-2017,501.63
01-08-2017,498.83
02-08-2017,492.78
03-08-2017,488.14
04-08-2017,488.02
07-08-2017,480.33
08-08-2017,478.14
09-08-2017,480.87
10-08-2017,486.78
11-08-2017,489.98
14-08-2017,486.88
16-08-2017,483.78
17-08-2017,506.42
18-08-2017,458
21-08-2017,433.27
22-08-2017,434.27
23-08-2017,442.9
24-08-2017,452.5
28-08-2017,466.81
29-08-2017,460.09
30-08-2017,459.69
31-08-2017,453.89
01-09-2017,456.37
04-09-2017,446.57
05-09-2017,447.41
06-09-2017,444.29
07-09-2017,444.36
08-09-2017,438.68
11-09-2017,435.9
12-09-2017,438.56
13-09-2017,438.41
14-09-2017,442.7
15-09-2017,450.56
18-09-2017,450.98
19-09-2017,452.55
20-09-2017,452.77
21-09-2017,451.21
22-09-2017,445.63
25-09-2017,444.16
26-09-2017,449.4
27-09-2017,446.37
28-09-2017,444.49
29-09-2017,446.42
03-10-2017,448.23
04-10-2017,446.27
05-10-2017,447.98
06-10-2017,456.47
09-10-2017,458.33
10-10-2017,464.06
11-10-2017,461.7
12-10-2017,460.01
13-10-2017,461.4
16-10-2017,465.82
17-10-2017,461.6
18-10-2017,458.55
19-10-2017,459.84
23-10-2017,466.07
24-10-2017,459.62
25-10-2017,463.98
26-10-2017,469.96
27-10-2017,469.46
30-10-2017,468.35
31-10-2017,457.31
01-11-2017,459.89
02-11-2017,457.83
03-11-2017,459.69
06-11-2017,460.71
07-11-2017,474
08-11-2017,472.42
09-11-2017,473.51
10-11-2017,477.25
13-11-2017,472.24
14-11-2017,470.83
15-11-2017,472.17
16-11-2017,490.32
17-11-2017,481.67
20-11-2017,476.51
21-11-2017,479.34
22-11-2017,479.36
23-11-2017,491.74
24-11-2017,500.82
27-11-2017,495.46
28-11-2017,488.49
29-11-2017,487.5
30-11-2017,484.22
01-12-2017,475.64
04-12-2017,488.81
05-12-2017,488.31
06-12-2017,491.27
07-12-2017,495.98
08-12-2017,497
11-12-2017,498.71
12-12-2017,501.29
13-12-2017,497.94
14-12-2017,502.58
15-12-2017,507.44
18-12-2017,504.31
19-12-2017,498.04
20-12-2017,503.94
21-12-2017,507.02
22-12-2017,515.6
26-12-2017,513.74
27-12-2017,513.07
28-12-2017,512.57
29-12-2017,516.94
01-01-2018,512.72
02-01-2018,510.81
03-01-2018,506.64
04-01-2018,503.72
05-01-2018,502.03
08-01-2018,513.96
09-01-2018,516.59
10-01-2018,522
11-01-2018,533.68
12-01-2018,535
15-01-2018,536.33
16-01-2018,557.02
17-01-2018,571.53
18-01-2018,571.83
19-01-2018,567.24
22-01-2018,570.49
23-01-2018,583.93
24-01-2018,588.25
25-01-2018,583.09
29-01-2018,586.81
30-01-2018,580.73
31-01-2018,570.61
01-02-2018,567.81
02-02-2018,567.14
05-02-2018,564.64
06-02-2018,549.53
07-02-2018,550.18
08-02-2018,562.68
09-02-2018,550.22
12-02-2018,547.07
14-02-2018,544.57
15-02-2018,552.85
16-02-2018,559.6
19-02-2018,561.44
20-02-2018,564.02
21-02-2018,569.2
22-02-2018,575.82
23-02-2018,573.29
26-02-2018,564.83
27-02-2018,570.59
28-02-2018,581.7
01-03-2018,575.82
05-03-2018,573.42
06-03-2018,571.16
07-03-2018,567.56
08-03-2018,573.79
09-03-2018,577.14
12-03-2018,588.22
13-03-2018,587.26
14-03-2018,585.77
15-03-2018,586.61
16-03-2018,581.35
19-03-2018,568.88
20-03-2018,577.71
21-03-2018,579.17
22-03-2018,576.1
23-03-2018,579.22
26-03-2018,573.09
27-03-2018,572.47
28-03-2018,561.46
02-04-2018,564.12
03-04-2018,565.75
04-04-2018,557.69
05-04-2018,569.27
06-04-2018,559.08
09-04-2018,551.27
10-04-2018,552.33
11-04-2018,557.72
12-04-2018,576.74
13-04-2018,581.13
16-04-2018,562.16
17-04-2018,558.19
18-04-2018,558.56
19-04-2018,561.98
20-04-2018,584.6
23-04-2018,589.19
24-04-2018,572.72
25-04-2018,575.62
26-04-2018,583.61
27-04-2018,587.95
30-04-2018,595.05
02-05-2018,593.83
03-05-2018,586.64
04-05-2018,581.95
07-05-2018,586.86
08-05-2018,578.2
09-05-2018,580.76
10-05-2018,579.42
11-05-2018,585.74
14-05-2018,589.99
15-05-2018,592.59
16-05-2018,590.31
17-05-2018,586.81
18-05-2018,586.96
21-05-2018,585.12
22-05-2018,592.24
23-05-2018,587.8
24-05-2018,605.71
25-05-2018,609.33
28-05-2018,602.44
29-05-2018,603.58
30-05-2018,601.1
31-05-2018,611.07
01-06-2018,605.61
04-06-2018,614.84
05-06-2018,605.64
06-06-2018,613.87
07-06-2018,621.31
08-06-2018,625.08
11-06-2018,626.25
12-06-2018,624.31
13-06-2018,632.4
14-06-2018,619.85
15-06-2018,640.62
18-06-2018,633.7
19-06-2018,620.8
20-06-2018,621.58
21-06-2018,623.27
22-06-2018,623.92
25-06-2018,636.23
26-06-2018,638.92
27-06-2018,635
28-06-2018,644.8
29-06-2018,653.6
02-07-2018,667.35
03-07-2018,676.88
04-07-2018,672.6
05-07-2018,642
06-07-2018,642.12
09-07-2018,649.42
10-07-2018,650.7
11-07-2018,660.23
12-07-2018,647.17
13-07-2018,658.7
16-07-2018,666.42
17-07-2018,663.95
18-07-2018,661.27
19-07-2018,658.35
20-07-2018,674.05
23-07-2018,677.98
24-07-2018,688.58
25-07-2018,691.88
26-07-2018,686.62
27-07-2018,686.73
30-07-2018,675.5
31-07-2018,682.55
01-08-2018,677.02
02-08-2018,676.83
03-08-2018,682.05
06-08-2018,680.33
07-08-2018,683.98
08-08-2018,681.38
09-08-2018,689.98
10-08-2018,692.73
13-08-2018,704.38
14-08-2018,704.15
16-08-2018,714.77
17-08-2018,715.17
20-08-2018,692.12
21-08-2018,691.98
23-08-2018,698.7
24-08-2018,689.15
27-08-2018,707.7
28-08-2018,712.35
29-08-2018,705.05
30-08-2018,708.1
31-08-2018,720.55
03-09-2018,717.12
04-09-2018,737.15
05-09-2018,729.9
06-09-2018,727.15
07-09-2018,732.8
10-09-2018,730.85
11-09-2018,734.3
12-09-2018,742.9
14-09-2018,733.7
17-09-2018,725.95
18-09-2018,719.1
19-09-2018,719.75
21-09-2018,705.3
24-09-2018,718.25
25-09-2018,726.2
26-09-2018,717.85
27-09-2018,724.8
28-09-2018,730.05
01-10-2018,746.65
03-10-2018,728.5
04-10-2018,707.2
05-10-2018,724.6
08-10-2018,714.45
09-10-2018,717.75
10-10-2018,700.45
11-10-2018,673.35
12-10-2018,678.8
15-10-2018,698.8
16-10-2018,695.25
17-10-2018,705.35
19-10-2018,683.55
22-10-2018,679.95
23-10-2018,657.6
24-10-2018,649.8
25-10-2018,648.75
26-10-2018,633.6
29-10-2018,644.75
30-10-2018,659.6
31-10-2018,686.4
01-11-2018,666.7
02-11-2018,662.25
05-11-2018,666
06-11-2018,666.45
07-11-2018,675.5
09-11-2018,659.5
12-11-2018,664.2
13-11-2018,665.7
14-11-2018,653.2
15-11-2018,656.4
16-11-2018,650.85
19-11-2018,651.7
20-11-2018,641.4
21-11-2018,619.1
22-11-2018,620.75
26-11-2018,621.45
27-11-2018,638.9
28-11-2018,666.4
29-11-2018,661.05
30-11-2018,667.45
03-12-2018,670.35
04-12-2018,685.25
05-12-2018,681.4
06-12-2018,668.5
07-12-2018,682.8
10-12-2018,669.2
11-12-2018,674.5
12-12-2018,678.5
13-12-2018,697.75
14-12-2018,706.05
17-12-2018,694.4
18-12-2018,676.6
19-12-2018,664.85
20-12-2018,667.05
21-12-2018,646.2
24-12-2018,649
26-12-2018,644.05
27-12-2018,656.8
28-12-2018,656.95
31-12-2018,658.95
01-01-2019,665.05
02-01-2019,669.05
03-01-2019,669.15
04-01-2019,661.05
07-01-2019,671.7
08-01-2019,670.05
09-01-2019,676.1
10-01-2019,679.7
11-01-2019,683.5
14-01-2019,698.06
15-01-2019,722.63
16-01-2019,732.77
17-01-2019,729.34
18-01-2019,726.95
21-01-2019,740.93
22-01-2019,741.28
23-01-2019,727.65
24-01-2019,732
25-01-2019,730.35
28-01-2019,727.95
29-01-2019,727.9
30-01-2019,725.9
31-01-2019,749.55
01-02-2019,757.05
04-02-2019,755.9
05-02-2019,754.85
06-02-2019,763.3
07-02-2019,764
08-02-2019,760.9
11-02-2019,762.8
12-02-2019,750.45
13-02-2019,754.9
14-02-2019,740.05
15-02-2019,741.95
18-02-2019,741.05
19-02-2019,724.3
20-02-2019,740.7
21-02-2019,733.45
22-02-2019,734.95
25-02-2019,754.9
26-02-2019,742.5
27-02-2019,735.25
28-02-2019,734.3
01-03-2019,741.9
05-03-2019,732.5
06-03-2019,732.5
07-03-2019,722.95
08-03-2019,712.35
11-03-2019,711.25
12-03-2019,706.95
13-03-2019,708.45
14-03-2019,708.35
15-03-2019,718.55
18-03-2019,710.2
19-03-2019,722.25
20-03-2019,738.95
22-03-2019,743.1
25-03-2019,735.25
26-03-2019,727.75
27-03-2019,729.7
28-03-2019,737.8
29-03-2019,743.85
01-04-2019,755.1
02-04-2019,759.4
03-04-2019,753.3
04-04-2019,747.9
05-04-2019,759.3
08-04-2019,767.25
09-04-2019,760.6
10-04-2019,752.7
11-04-2019,742.7
12-04-2019,747.75
15-04-2019,727.5
16-04-2019,724.1
18-04-2019,717.05
22-04-2019,721.05
23-04-2019,728.2
24-04-2019,736.45
25-04-2019,728.55
26-04-2019,738
30-04-2019,751.35
02-05-2019,730.8
03-05-2019,723.6
06-05-2019,718.4
07-05-2019,724.55
08-05-2019,719.35
09-05-2019,721.05
10-05-2019,716.85
13-05-2019,719.7
14-05-2019,713.85
15-05-2019,716.1
16-05-2019,733.1
17-05-2019,723.9
20-05-2019,722.4
21-05-2019,709.3
22-05-2019,709.75
23-05-2019,701.05
24-05-2019,709.2
27-05-2019,708.1
28-05-2019,728.1
29-05-2019,727.8
30-05-2019,733.55
31-05-2019,737.75
03-06-2019,744.65
04-06-2019,735.3
06-06-2019,735.6
07-06-2019,739.1
10-06-2019,753.5
11-06-2019,754.9
12-06-2019,753.8
13-06-2019,742.65
14-06-2019,740.45
17-06-2019,740.55
18-06-2019,750.15
19-06-2019,751.9
20-06-2019,754.9
21-06-2019,750.2
24-06-2019,745.5
25-06-2019,748.1
26-06-2019,739.2
27-06-2019,730.55
28-06-2019,732
01-07-2019,731.3
02-07-2019,740
03-07-2019,731.3
04-07-2019,733.8
05-07-2019,718
08-07-2019,717.6
09-07-2019,715.5
10-07-2019,717.25
11-07-2019,721.5
12-07-2019,726.75
15-07-2019,779.35
16-07-2019,784.85
17-07-2019,794.15
18-07-2019,792.7
19-07-2019,785.4
22-07-2019,784.4
23-07-2019,790.05
24-07-2019,786.3
25-07-2019,794.5
26-07-2019,787
29-07-2019,791.45
30-07-2019,792.7
31-07-2019,793.65
01-08-2019,768.85
02-08-2019,775.6
05-08-2019,776.7
06-08-2019,774.45
07-08-2019,776.1
08-08-2019,788.75
09-08-2019,789.85
13-08-2019,764.75
14-08-2019,774.8
16-08-2019,774.55
19-08-2019,777.65
20-08-2019,792.75
21-08-2019,799.45
22-08-2019,795.7
23-08-2019,802.2
26-08-2019,802.55
27-08-2019,784.65
28-08-2019,802.5
29-08-2019,806.95
30-08-2019,814.9
03-09-2019,814.25
04-09-2019,821.3
05-09-2019,834.05
06-09-2019,840.15
09-09-2019,829.1
11-09-2019,820.1
12-09-2019,816.4
13-09-2019,829.3
16-09-2019,827.7
17-09-2019,831.25
18-09-2019,829.85
19-09-2019,820.7
20-09-2019,805
23-09-2019,764.35
24-09-2019,794.05
25-09-2019,792.65
26-09-2019,782.55
27-09-2019,782.2
30-09-2019,805.65
01-10-2019,793.55
03-10-2019,785.6
04-10-2019,793.45
07-10-2019,789.55
09-10-2019,783.65
10-10-2019,783.05
11-10-2019,814.8
14-10-2019,786.1
15-10-2019,768.3
16-10-2019,771.45
17-10-2019,769.5
18-10-2019,767.85
22-10-2019,643.55
23-10-2019,650.6
24-10-2019,635.35
25-10-2019,637.45
27-10-2019,648.85
29-10-2019,650.65
30-10-2019,660.6
31-10-2019,685.6
01-11-2019,687.9
04-11-2019,709
05-11-2019,696.1
06-11-2019,712.3
07-11-2019,720.1
08-11-2019,708.15
11-11-2019,704.4
13-11-2019,691.35
14-11-2019,705.3
15-11-2019,703.9
18-11-2019,705.2
19-11-2019,712.85
20-11-2019,713
21-11-2019,713.25
22-11-2019,693.2
25-11-2019,698.1
26-11-2019,690.6
27-11-2019,695.75
28-11-2019,701.85
29-11-2019,696.35
02-12-2019,692.7
03-12-2019,698.35
04-12-2019,708.85
05-12-2019,714.85
06-12-2019,715.1
09-12-2019,717.25
10-12-2019,714.55
11-12-2019,721.05
12-12-2019,702.1
13-12-2019,711.3
16-12-2019,714
17-12-2019,729.7
18-12-2019,732.45
19-12-2019,730.85
20-12-2019,731.55
23-12-2019,736
24-12-2019,733.4
26-12-2019,728.95
27-12-2019,736.95
30-12-2019,732.9
31-12-2019,731.15
01-01-2020,736.85
02-01-2020,734.7
03-01-2020,746
06-01-2020,738.85
07-01-2020,727.9
08-01-2020,718.2
09-01-2020,727.55
10-01-2020,738.15
13-01-2020,773.55
14-01-2020,775.65
15-01-2020,767.55
16-01-2020,767
17-01-2020,767.85
20-01-2020,768.45
21-01-2020,762.5
22-01-2020,770.2
23-01-2020,784.35
24-01-2020,782.75
27-01-2020,778.1
28-01-2020,778
29-01-2020,789.7
30-01-2020,780.7
31-01-2020,775.95
01-02-2020,779.5
03-02-2020,767.4
04-02-2020,787.85
05-02-2020,784.55
06-02-2020,771.35
07-02-2020,777.3
10-02-2020,773.2
11-02-2020,773.55
12-02-2020,781.05
13-02-2020,792.25
14-02-2020,786.45
17-02-2020,789.45
18-02-2020,797.65
19-02-2020,800.45
20-02-2020,797
24-02-2020,795.85
25-02-2020,798.4
26-02-2020,782.75
27-02-2020,777.85
28-02-2020,731.7
02-03-2020,741.05
03-03-2020,747
04-03-2020,758.75
05-03-2020,754.6
06-03-2020,738.95
09-03-2020,704.45
11-03-2020,686
12-03-2020,631.2
13-03-2020,642.35
16-03-2020,583.15
17-03-2020,554.95
18-03-2020,534.3
19-03-2020,545.55
20-03-2020,585.2
23-03-2020,526.45
24-03-2020,589.8
25-03-2020,606.2
26-03-2020,643
27-03-2020,652.7
30-03-2020,626.7
31-03-2020,641.5
01-04-2020,602.8
03-04-2020,585.7
07-04-2020,639
08-04-2020,631.6
09-04-2020,636.25
13-04-2020,637.4
15-04-2020,639.05
16-04-2020,623.85
17-04-2020,628.75
20-04-2020,653.3
21-04-2020,633.2
22-04-2020,641.85
23-04-2020,679.3
24-04-2020,658
27-04-2020,664.6
28-04-2020,660.7
29-04-2020,676.55
30-04-2020,715.5
04-05-2020,673.7
05-05-2020,673.7
06-05-2020,665.9
07-05-2020,664.95
08-05-2020,674.2
11-05-2020,682.9
12-05-2020,687.65
13-05-2020,694.15
14-05-2020,658.15
15-05-2020,652.3
18-05-2020,663.9
19-05-2020,668.6
20-05-2020,669.55
21-05-2020,672.2
22-05-2020,692.35
26-05-2020,680.55
27-05-2020,705.45
28-05-2020,707.4
29-05-2020,691
01-06-2020,699.55
02-06-2020,708.1
03-06-2020,701.55
04-06-2020,707.75
05-06-2020,703.55
08-06-2020,720.85
09-06-2020,717.6
10-06-2020,715.85
11-06-2020,703.95
12-06-2020,692.05
15-06-2020,687.55
16-06-2020,701.2
17-06-2020,703.65
18-06-2020,713.9
19-06-2020,705.55
22-06-2020,703.7
23-06-2020,720.65
24-06-2020,714.15
25-06-2020,700.5
26-06-2020,748.2
29-06-2020,731.75
30-06-2020,735.95
01-07-2020,731.9
02-07-2020,756.6
03-07-2020,762.7
06-07-2020,764
07-07-2020,794.15
08-07-2020,774.7
09-07-2020,781.7
10-07-2020,781.85
13-07-2020,797.05
14-07-2020,783.25
15-07-2020,830.95
16-07-2020,911
17-07-2020,903.15
20-07-2020,934.3
21-07-2020,936.75
22-07-2020,917.9
23-07-2020,907.95
24-07-2020,922.85
27-07-2020,948.45
28-07-2020,962.85
29-07-2020,954.15
30-07-2020,961.45
31-07-2020,966
03-08-2020,956.9
04-08-2020,949.85
05-08-2020,944.7
06-08-2020,970.85
07-08-2020,950.9
10-08-2020,951.35
11-08-2020,948.45
12-08-2020,954.95
13-08-2020,951.2
14-08-2020,953.6
17-08-2020,957.5
18-08-2020,967.55
19-08-2020,959.3
20-08-2020,955.15
21-08-2020,948.8
24-08-2020,947.4
25-08-2020,938.1
26-08-2020,950.8
27-08-2020,947.05
28-08-2020,935.25
31-08-2020,928.6
01-09-2020,914.15
02-09-2020,924
03-09-2020,935.55
04-09-2020,919.15
07-09-2020,925.05
08-09-2020,939.3
09-09-2020,927.75
10-09-2020,940.05
11-09-2020,945.7
14-09-2020,978.4
15-09-2020,982.45
16-09-2020,"1,001.75"
17-09-2020,"1,011.00"
18-09-2020,"1,002.15"
21-09-2020,"1,009.90"
22-09-2020,"1,007.50"
23-09-2020,"1,019.75"
24-09-2020,975.4
25-09-2020,"1,011.45"
28-09-2020,"1,010.40"
29-09-2020,"1,009.00"
30-09-2020,"1,008.25"
01-10-2020,"1,017.65"
05-10-2020,"1,048.70"
06-10-2020,"1,055.75"
07-10-2020,"1,066.55"
08-10-2020,"1,093.70"
09-10-2020,"1,106.80"
12-10-2020,"1,132.10"
13-10-2020,"1,157.80"
14-10-2020,"1,137.00"
15-10-2020,"1,108.25"
16-10-2020,"1,127.50"
19-10-2020,"1,125.90"
20-10-2020,"1,137.50"
21-10-2020,"1,148.35"
22-10-2020,"1,129.05"
23-10-2020,"1,122.50"
26-10-2020,"1,112.45"
27-10-2020,"1,090.85"
28-10-2020,"1,076.55"
29-10-2020,"1,074.85"
30-10-2020,"1,060.60"
02-11-2020,"1,072.30"
03-11-2020,"1,062.55"
04-11-2020,"1,093.95"
05-11-2020,"1,104.00"
06-11-2020,"1,112.75"
09-11-2020,"1,136.55"
10-11-2020,"1,091.05"
11-11-2020,"1,122.50"
12-11-2020,"1,117.75"
13-11-2020,"1,124.20"
17-11-2020,"1,123.70"
18-11-2020,"1,110.55"
19-11-2020,"1,096.75"
20-11-2020,"1,103.35"
23-11-2020,"1,139.85"
24-11-2020,"1,140.05"
25-11-2020,"1,115.65"
26-11-2020,"1,113.20"
27-11-2020,"1,100.00"
01-12-2020,"1,137.85"
02-12-2020,"1,140.90"
03-12-2020,"1,126.45"
04-12-2020,"1,134.65"
07-12-2020,"1,143.50"
08-12-2020,"1,153.35"
09-12-2020,"1,175.20"
10-12-2020,"1,167.75"
11-12-2020,"1,163.20"
14-12-2020,"1,164.55"
15-12-2020,"1,154.60"
16-12-2020,"1,165.70"
17-12-2020,"1,159.20"
18-12-2020,"1,189.80"
21-12-2020,"1,177.30"
22-12-2020,"1,220.50"
23-12-2020,"1,253.05"
24-12-2020,"1,236.05"
28-12-2020,"1,240.30"
29-12-2020,"1,250.30"
30-12-2020,"1,246.80"
31-12-2020,"1,255.80"
01-01-2021,"1,260.45"
04-01-2021,"1,288.25"
05-01-2021,"1,293.80"
06-01-2021,"1,282.10"
07-01-2021,"1,262.15"
08-01-2021,"1,312.10"
11-01-2021,"1,376.20"
12-01-2021,"1,371.75"
13-01-2021,"1,387.15"
14-01-2021,"1,370.50"
15-01-2021,"1,344.95"
18-01-2021,"1,312.05"
19-01-2021,"1,316.65"
20-01-2021,"1,339.45"
21-01-2021,"1,339.70"
22-01-2021,"1,340.85"
25-01-2021,"1,325.10"
27-01-2021,"1,301.00"
28-01-2021,"1,276.20"
29-01-2021,"1,239.05"
01-02-2021,"1,260.90"
02-02-2021,"1,271.25"
03-02-2021,"1,284.65"
04-02-2021,"1,279.35"
05-02-2021,"1,272.10"
08-02-2021,"1,303.55"
09-02-2021,"1,305.55"
10-02-2021,"1,296.50"
11-02-2021,"1,292.65"
12-02-2021,"1,309.80"
15-02-2021,"1,309.65"
16-02-2021,"1,290.40"
17-02-2021,"1,281.30"
18-02-2021,"1,292.45"
19-02-2021,"1,291.30"
22-02-2021,"1,265.20"
23-02-2021,"1,266.35"
24-02-2021,"1,274.30"
25-02-2021,"1,274.55"
26-02-2021,"1,253.30"
01-03-2021,"1,267.00"
02-03-2021,"1,304.50"
03-03-2021,"1,343.55"
04-03-2021,"1,330.35"
05-03-2021,"1,316.70"
08-03-2021,"1,335.75"
09-03-2021,"1,345.55"
10-03-2021,"1,368.15"
12-03-2021,"1,374.85"
15-03-2021,"1,373.60"
16-03-2021,"1,384.00"
17-03-2021,"1,387.00"
18-03-2021,"1,337.10"
19-03-2021,"1,344.45"
22-03-2021,"1,370.80"
23-03-2021,"1,371.55"
24-03-2021,"1,353.75"
25-03-2021,"1,333.80"
26-03-2021,"1,336.20"
30-03-2021,"1,385.30"
31-03-2021,"1,368.05"
01-04-2021,"1,385.20"
05-04-2021,"1,409.90"
06-04-2021,"1,411.05"
07-04-2021,"1,430.20"
08-04-2021,"1,439.85"
09-04-2021,"1,441.05"
12-04-2021,"1,425.75"
13-04-2021,"1,397.15"
15-04-2021,"1,360.75"
16-04-2021,"1,353.75"
19-04-2021,"1,362.55"
20-04-2021,"1,351.35"
22-04-2021,"1,351.10"
23-04-2021,"1,333.80"
26-04-2021,"1,343.55"
27-04-2021,"1,348.50"
28-04-2021,"1,356.00"
29-04-2021,"1,356.35"
30-04-2021,"1,354.35"
03-05-2021,"1,352.05"
04-05-2021,"1,329.40"
05-05-2021,"1,341.50"
06-05-2021,"1,361.60"
07-05-2021,"1,352.55"
10-05-2021,"1,339.55"
11-05-2021,"1,330.65"
12-05-2021,"1,327.00"
14-05-2021,"1,316.40"
17-05-2021,"1,329.40"
18-05-2021,"1,340.00"
19-05-2021,"1,337.00"
20-05-2021,"1,339.30"
21-05-2021,"1,354.50"
24-05-2021,"1,348.05"
25-05-2021,"1,361.60"
26-05-2021,"1,397.25"
27-05-2021,"1,402.25"
28-05-2021,"1,405.05"
31-05-2021,"1,393.75"
01-06-2021,"1,387.20"
02-06-2021,"1,378.65"
03-06-2021,"1,389.65"
04-06-2021,"1,385.65"
07-06-2021,"1,389.65"
08-06-2021,"1,412.95"
09-06-2021,"1,415.30"
10-06-2021,"1,424.30"
11-06-2021,"1,446.90"
14-06-2021,"1,461.80"
15-06-2021,"1,473.90"
16-06-2021,"1,480.60"
17-06-2021,"1,495.30"
18-06-2021,"1,503.30"
21-06-2021,"1,500.30"
22-06-2021,"1,511.85"
23-06-2021,"1,503.15"
24-06-2021,"1,559.20"
25-06-2021,"1,574.20"
28-06-2021,"1,571.80"
29-06-2021,"1,563.05"
30-06-2021,"1,580.80"
01-07-2021,"1,560.40"
02-07-2021,"1,567.80"
05-07-2021,"1,578.95"
06-07-2021,"1,562.20"
07-07-2021,"1,564.60"
08-07-2021,"1,560.75"
09-07-2021,"1,562.90"
12-07-2021,"1,547.85"
13-07-2021,"1,544.95"
14-07-2021,"1,576.90"
15-07-2021,"1,580.80"
16-07-2021,"1,555.45"
19-07-2021,"1,541.70"
20-07-2021,"1,550.05"
22-07-2021,"1,590.20"
23-07-2021,"1,590.45"
26-07-2021,"1,603.90"
27-07-2021,"1,602.55"
28-07-2021,"1,605.60"
29-07-2021,"1,617.00"
30-07-2021,"1,610.50"
02-08-2021,"1,631.55"
03-08-2021,"1,655.20"
04-08-2021,"1,649.25"
05-08-2021,"1,653.55"
06-08-2021,"1,650.20"
09-08-2021,"1,663.30"
10-08-2021,"1,677.25"
11-08-2021,"1,677.55"
12-08-2021,"1,689.60"
13-08-2021,"1,712.20"
16-08-2021,"1,704.40"
17-08-2021,"1,741.65"
18-08-2021,"1,733.45"
20-08-2021,"1,732.95"
23-08-2021,"1,738.75"
24-08-2021,"1,720.85"
25-08-2021,"1,735.55"
26-08-2021,"1,727.70"
27-08-2021,"1,708.80"
30-08-2021,"1,698.05"
31-08-2021,"1,706.45"
01-09-2021,"1,677.75"
02-09-2021,"1,689.10"
03-09-2021,"1,700.65"
06-09-2021,"1,730.40"
07-09-2021,"1,706.65"
08-09-2021,"1,693.25"
09-09-2021,"1,691.60"
13-09-2021,"1,691.90"
14-09-2021,"1,686.15"
15-09-2021,"1,711.45"
16-09-2021,"1,702.25"
17-09-2021,"1,691.30"
20-09-2021,"1,687.85"
21-09-2021,"1,718.45"
22-09-2021,"1,716.90"
23-09-2021,"1,742.55"
24-09-2021,"1,763.85"
27-09-2021,"1,721.15"
28-09-2021,"1,687.10"
29-09-2021,"1,692.25"
30-09-2021,"1,675.20"
01-10-2021,"1,665.15"
04-10-2021,"1,678.75"
05-10-2021,"1,692.80"
06-10-2021,"1,673.55"
07-10-2021,"1,691.00"
08-10-2021,"1,723.85"
11-10-2021,"1,690.95"
12-10-2021,"1,685.15"
13-10-2021,"1,709.20"
14-10-2021,"1,715.75"
18-10-2021,"1,792.15"
19-10-2021,"1,822.15"
20-10-2021,"1,802.35"
21-10-2021,"1,753.65"
22-10-2021,"1,719.80"
25-10-2021,"1,707.55"
26-10-2021,"1,703.70"
27-10-2021,"1,728.95"
28-10-2021,"1,703.90"
29-10-2021,"1,667.75"
01-11-2021,"1,700.05"
02-11-2021,"1,697.90"
03-11-2021,"1,702.50"
04-11-2021,"1,708.70"
08-11-2021,"1,737.50"
09-11-2021,"1,742.50"
10-11-2021,"1,740.15"
11-11-2021,"1,733.30"
12-11-2021,"1,780.20"
15-11-2021,"1,787.15"
16-11-2021,"1,792.30"
17-11-2021,"1,787.45"
18-11-2021,"1,779.40"
22-11-2021,"1,759.40"
23-11-2021,"1,736.90"
24-11-2021,"1,696.00"
25-11-2021,"1,722.40"
26-11-2021,"1,691.65"
29-11-2021,"1,696.35"
30-11-2021,"1,712.65"
01-12-2021,"1,714.90"
02-12-2021,"1,748.25"
03-12-2021,"1,735.55"
06-12-2021,"1,695.30"
07-12-2021,"1,711.65"
08-12-2021,"1,753.35"
09-12-2021,"1,763.45"
10-12-2021,"1,759.25"
13-12-2021,"1,744.65"
14-12-2021,"1,752.15"
15-12-2021,"1,734.20"
16-12-2021,"1,771.60"
17-12-2021,"1,820.85"
20-12-2021,"1,798.90"
21-12-2021,"1,811.60"
22-12-2021,"1,824.70"
23-12-2021,"1,857.60"
24-12-2021,"1,863.50"
27-12-2021,"1,866.15"
28-12-2021,"1,888.00"
29-12-2021,"1,885.55"
30-12-2021,"1,892.85"
31-12-2021,"1,887.75"
03-01-2022,"1,898.45"
04-01-2022,"1,899.15"
05-01-2022,"1,844.65"
06-01-2022,"1,817.80"
07-01-2022,"1,814.30"
10-01-2022,"1,850.75"
11-01-2022,"1,855.60"
12-01-2022,"1,877.45"
13-01-2022,"1,896.80"
14-01-2022,"1,929.35"
17-01-2022,"1,939.50"
18-01-2022,"1,920.75"
19-01-2022,"1,867.05"
20-01-2022,"1,823.70"
21-01-2022,"1,785.70"
24-01-2022,"1,736.80"
25-01-2022,"1,722.15"
27-01-2022,"1,678.60"
28-01-2022,"1,686.20"
31-01-2022,"1,736.20"
01-02-2022,"1,772.05"
02-02-2022,"1,787.10"
03-02-2022,"1,738.55"
04-02-2022,"1,741.10"
07-02-2022,"1,715.00"
08-02-2022,"1,717.30"
09-02-2022,"1,737.30"
10-02-2022,"1,769.60"
11-02-2022,"1,721.35"
14-02-2022,"1,682.20"
15-02-2022,"1,738.25"
16-02-2022,"1,733.30"
17-02-2022,"1,724.80"
18-02-2022,"1,706.95"
21-02-2022,"1,730.70"
22-02-2022,"1,734.35"
23-02-2022,"1,742.85"
24-02-2022,"1,678.15"
25-02-2022,"1,694.60"
28-02-2022,"1,715.60"
02-03-2022,"1,702.80"
03-03-2022,"1,720.85"
04-03-2022,"1,723.30"
07-03-2022,"1,739.85"
08-03-2022,"1,778.20"
09-03-2022,"1,813.35"
10-03-2022,"1,825.90"
11-03-2022,"1,822.00"
14-03-2022,"1,890.70"
15-03-2022,"1,839.30"
16-03-2022,"1,889.40"
17-03-2022,"1,854.60"
21-03-2022,"1,853.05"
22-03-2022,"1,887.40"
23-03-2022,"1,872.40"
24-03-2022,"1,886.70"
25-03-2022,"1,876.55"
28-03-2022,"1,873.90"
29-03-2022,"1,886.00"
30-03-2022,"1,903.95"
31-03-2022,"1,906.85"
01-04-2022,"1,903.55"
04-04-2022,"1,882.95"
05-04-2022,"1,861.10"
06-04-2022,"1,828.85"
07-04-2022,"1,811.00"
08-04-2022,"1,814.60"
11-04-2022,"1,766.55"
12-04-2022,"1,742.45"
13-04-2022,"1,748.55"
18-04-2022,"1,621.40"
19-04-2022,"1,562.00"
20-04-2022,"1,587.70"
21-04-2022,"1,618.80"
22-04-2022,"1,585.45"
25-04-2022,"1,561.10"
26-04-2022,"1,581.00"
27-04-2022,"1,552.80"
28-04-2022,"1,582.60"
29-04-2022,"1,567.55"
02-05-2022,"1,541.00"
04-05-2022,"1,535.55"
05-05-2022,"1,585.15"
06-05-2022,"1,542.85"
09-05-2022,"1,570.35"
10-05-2022,"1,553.00"
11-05-2022,"1,526.75"
12-05-2022,"1,508.80"
13-05-2022,"1,504.40"
16-05-2022,"1,489.10"
17-05-2022,"1,509.94"
18-05-2022,"1,500.74"
19-05-2022,"1,419.15"
20-05-2022,"1,446.99"
23-05-2022,"1,460.17"
24-05-2022,"1,432.93"
25-05-2022,"1,402.55"
26-05-2022,"1,415.97"
27-05-2022,"1,453.16"
30-05-2022,"1,518.24"
31-05-2022,"1,495.17"
01-06-2022,"1,470.26"
02-06-2022,"1,499.55"
03-06-2022,"1,513.17"
06-06-2022,"1,521.48"
07-06-2022,"1,498.26"
08-06-2022,"1,491.59"
09-06-2022,"1,506.51"
10-06-2022,"1,468.52"
13-06-2022,"1,416.52"
14-06-2022,"1,432.48"
15-06-2022,"1,414.23"
16-06-2022,"1,389.37"
17-06-2022,"1,379.53"
20-06-2022,"1,406.22"
21-06-2022,"1,441.78"
22-06-2022,"1,429.20"
23-06-2022,"1,444.31"
24-06-2022,"1,433.02"
27-06-2022,"1,466.34"
28-06-2022,"1,471.85"
29-06-2022,"1,455.05"
30-06-2022,"1,453.71"
01-07-2022,"1,471.11"
04-07-2022,"1,479.66"
05-07-2022,"1,467.68"
06-07-2022,"1,483.29"
07-07-2022,"1,490.30"
08-07-2022,"1,505.96"
11-07-2022,"1,464.89"
12-07-2022,"1,430.54"
13-07-2022,"1,436.35"
14-07-2022,"1,420.84"
15-07-2022,"1,422.33"
18-07-2022,"1,481.55"
19-07-2022,"1,475.83"
20-07-2022,"1,506.81"
21-07-2022,"1,524.31"
22-07-2022,"1,497.86"
25-07-2022,"1,495.17"
26-07-2022,"1,443.02"
27-07-2022,"1,462.81"
28-07-2022,"1,508.90"
29-07-2022,"1,541.02"
01-08-2022,"1,542.36"
02-08-2022,"1,534.95"
03-08-2022,"1,557.32"
04-08-2022,"1,590.93"
05-08-2022,"1,607.59"
08-08-2022,"1,610.32"
10-08-2022,"1,593.47"
11-08-2022,"1,610.87"
12-08-2022,"1,585.17"
16-08-2022,"1,587.50"
17-08-2022,"1,597.25"
18-08-2022,"1,574.08"
19-08-2022,"1,588.15"
22-08-2022,"1,566.82"
23-08-2022,"1,533.76"
24-08-2022,"1,528.88"
25-08-2022,"1,509.64"
26-08-2022,"1,513.02"
29-08-2022,"1,453.56"
30-08-2022,"1,484.58"
01-09-2022,"1,455.99"
02-09-2022,"1,444.86"
05-09-2022,"1,453.11"
06-09-2022,"1,446.95"
07-09-2022,"1,449.48"
08-09-2022,"1,467.63"
09-09-2022,"1,503.18"
12-09-2022,"1,527.59"
13-09-2022,"1,536.29"
14-09-2022,"1,467.13"
15-09-2022,"1,424.77"
16-09-2022,"1,369.33"
19-09-2022,"1,382.51"
20-09-2022,"1,380.77"
21-09-2022,"1,369.53"
22-09-2022,"1,360.28"
23-09-2022,"1,357.80"
26-09-2022,"1,372.52"
27-09-2022,"1,385.74"
28-09-2022,"1,386.88"
29-09-2022,"1,390.81"
30-09-2022,"1,405.53"
03-10-2022,"1,385.94"
04-10-2022,"1,421.39"
06-10-2022,"1,446.99"
07-10-2022,"1,443.07"
10-10-2022,"1,454.45"
11-10-2022,"1,415.82"
12-10-2022,"1,420.69"
13-10-2022,"1,411.94"
14-10-2022,"1,465.99"
17-10-2022,"1,481.60"
18-10-2022,"1,495.27"
19-10-2022,"1,477.13"
20-10-2022,"1,492.49"
21-10-2022,"1,492.09"
24-10-2022,"1,509.34"
25-10-2022,"1,517.75"
27-10-2022,"1,515.41"
28-10-2022,"1,504.77"
31-10-2022,"1,529.03"
01-11-2022,"1,564.19"
02-11-2022,"1,544.59"
03-11-2022,"1,522.17"
04-11-2022,"1,505.52"
07-11-2022,"1,499.00"
09-11-2022,"1,502.73"
10-11-2022,"1,493.53"
11-11-2022,"1,561.30"
14-11-2022,"1,576.42"
15-11-2022,"1,585.07"
16-11-2022,"1,593.82"
17-11-2022,"1,578.50"
18-11-2022,"1,584.47"
21-11-2022,"1,559.41"
22-11-2022,"1,576.17"
23-11-2022,"1,574.28"
24-11-2022,"1,620.67"
25-11-2022,"1,626.48"
28-11-2022,"1,614.30"
29-11-2022,"1,619.92"
30-11-2022,"1,625.79"
01-12-2022,"1,647.81"
02-12-2022,"1,628.72"
05-12-2022,"1,630.56"
06-12-2022,"1,603.86"
07-12-2022,"1,596.50"
08-12-2022,"1,611.07"
09-12-2022,"1,560.51"
12-12-2022,"1,538.53"
13-12-2022,"1,563.34"
14-12-2022,"1,570.55"
15-12-2022,"1,531.87"
16-12-2022,"1,513.67"
19-12-2022,"1,498.90"
20-12-2022,"1,498.85"
21-12-2022,"1,501.09"
22-12-2022,"1,513.52"
23-12-2022,"1,488.71"
26-12-2022,"1,493.98"
27-12-2022,"1,506.36"
28-12-2022,"1,501.69"
29-12-2022,"1,509.05"
30-12-2022,"1,499.75"
02-01-2023,"1,515.46"
03-01-2023,"1,514.02"
04-01-2023,"1,486.42"
05-01-2023,"1,466.93"
06-01-2023,"1,440.38"
09-01-2023,"1,476.13"
10-01-2023,"1,461.51"
11-01-2023,"1,463.01"
12-01-2023,"1,472.30"
13-01-2023,"1,495.22"
16-01-2023,"1,516.95"
17-01-2023,"1,530.87"
18-01-2023,"1,536.74"
19-01-2023,"1,530.28"
20-01-2023,"1,517.00"
23-01-2023,"1,539.32"
24-01-2023,"1,543.20"
25-01-2023,"1,534.35"
27-01-2023,"1,510.64"
30-01-2023,"1,530.18"
31-01-2023,"1,525.16"
01-02-2023,"1,542.41"
02-02-2023,"1,574.88"
03-02-2023,"1,590.44"
06-02-2023,"1,561.05"
07-02-2023,"1,553.64"
08-02-2023,"1,581.59"
09-02-2023,"1,607.94"
10-02-2023,"1,599.54"
13-02-2023,"1,558.67"
14-02-2023,"1,584.32"
15-02-2023,"1,588.10"
16-02-2023,"1,592.82"
17-02-2023,"1,574.92"
20-02-2023,"1,583.53"
21-02-2023,"1,570.65"
22-02-2023,"1,553.05"
23-02-2023,"1,542.01"
24-02-2023,"1,541.96"
27-02-2023,"1,500.84"
28-02-2023,"1,479.21"
01-03-2023,"1,487.67"
02-03-2023,"1,463.90"
03-03-2023,"1,471.01"
06-03-2023,"1,499.00"
08-03-2023,"1,484.33"
09-03-2023,"1,472.10"
10-03-2023,"1,463.30"
13-03-2023,"1,427.06"
14-03-2023,"1,412.04"
15-03-2023,"1,411.69"
16-03-2023,"1,396.23"
17-03-2023,"1,412.74"
20-03-2023,"1,395.78"
21-03-2023,"1,382.91"
22-03-2023,"1,381.46"
23-03-2023,"1,366.85"
24-03-2023,"1,372.91"
27-03-2023,"1,381.17"
28-03-2023,"1,369.88"
29-03-2023,"1,375.80"
31-03-2023,"1,419.95"
03-04-2023,"1,402.94"
05-04-2023,"1,415.57"
06-04-2023,"1,413.93"
10-04-2023,"1,419.60"
11-04-2023,"1,398.27"
12-04-2023,"1,420.30"
13-04-2023,"1,381.42"
17-04-2023,"1,251.25"
18-04-2023,"1,252.29"
19-04-2023,"1,225.30"
20-04-2023,"1,216.54"
21-04-2023,"1,220.47"
24-04-2023,"1,219.43"
25-04-2023,"1,218.04"
26-04-2023,"1,220.67"
27-04-2023,"1,239.27"
28-04-2023,"1,245.73"
02-05-2023,"1,270.29"
03-05-2023,"1,262.04"
04-05-2023,"1,266.41"
05-05-2023,"1,252.04"
08-05-2023,"1,258.51"
09-05-2023,"1,263.58"
10-05-2023,"1,256.17"
11-05-2023,"1,249.06"
12-05-2023,"1,238.22"
15-05-2023,"1,251.30"
16-05-2023,"1,257.21"
17-05-2023,"1,239.91"
18-05-2023,"1,239.02"
19-05-2023,"1,261.79"
22-05-2023,"1,285.56"
23-05-2023,"1,292.77"
24-05-2023,"1,291.37"
25-05-2023,"1,297.04"
26-05-2023,"1,310.07"
29-05-2023,"1,307.03"
30-05-2023,"1,316.43"
31-05-2023,"1,310.91"
01-06-2023,"1,312.11"
02-06-2023,"1,291.72"
05-06-2023,"1,297.19"
06-06-2023,"1,271.83"
07-06-2023,"1,281.73"
08-06-2023,"1,275.61"
09-06-2023,"1,258.86"
12-06-2023,"1,284.71"
13-06-2023,"1,297.54"
14-06-2023,"1,293.11"
15-06-2023,"1,279.59"
16-06-2023,"1,284.41"
19-06-2023,"1,286.75"
20-06-2023,"1,296.10"
21-06-2023,"1,292.07"
22-06-2023,"1,274.37"
23-06-2023,"1,257.91"
26-06-2023,"1,263.23"
27-06-2023,"1,271.98"
28-06-2023,"1,286.10"
30-06-2023,"1,328.02"
03-07-2023,"1,326.23"
04-07-2023,"1,337.61"
05-07-2023,"1,339.75"
06-07-2023,"1,336.37"
07-07-2023,"1,322.75"
10-07-2023,"1,321.70"
11-07-2023,"1,341.04"
12-07-2023,"1,325.83"
13-07-2023,"1,357.45"
14-07-2023,"1,417.96"
17-07-2023,"1,414.98"
18-07-2023,"1,466.93"
19-07-2023,"1,466.68"
20-07-2023,"1,441.38"
21-07-2023,"1,324.14"
24-07-2023,"1,329.11"
25-07-2023,"1,327.12"
26-07-2023,"1,341.29"
27-07-2023,"1,345.57"
28-07-2023,"1,332.99"
31-07-2023,"1,348.10"
01-08-2023,"1,357.55"
02-08-2023,"1,349.25"
03-08-2023,"1,356.65"
04-08-2023,"1,370.63"
07-08-2023,"1,385.19"
08-08-2023,"1,382.41"
09-08-2023,"1,386.59"
10-08-2023,"1,381.31"
11-08-2023,"1,364.16"
14-08-2023,"1,385.74"
16-08-2023,"1,410.55"
17-08-2023,"1,403.64"
18-08-2023,"1,381.02"
21-08-2023,"1,397.52"
22-08-2023,"1,395.88"
23-08-2023,"1,400.06"
24-08-2023,"1,415.62"
25-08-2023,"1,412.14"
28-08-2023,"1,407.72"
29-08-2023,"1,409.70"
30-08-2023,"1,427.11"
31-08-2023,"1,427.41"
01-09-2023,"1,435.76"
04-09-2023,"1,456.89"
05-09-2023,"1,470.61"
06-09-2023,"1,469.17"
07-09-2023,"1,457.98"
08-09-2023,"1,461.36"
11-09-2023,"1,468.18"
12-09-2023,"1,492.69"
13-09-2023,"1,489.95"
14-09-2023,"1,498.51"
15-09-2023,"1,503.13"
18-09-2023,"1,483.44"
20-09-2023,"1,481.90"
21-09-2023,"1,493.33"
22-09-2023,"1,487.77"
25-09-2023,"1,465.89"
26-09-2023,"1,452.46"
27-09-2023,"1,458.78"
28-09-2023,"1,431.38"
29-09-2023,"1,427.41"
03-10-2023,"1,425.96"
04-10-2023,"1,436.26"
05-10-2023,"1,455.25"
06-10-2023,"1,470.41"
09-10-2023,"1,467.18"
10-10-2023,"1,486.77"
11-10-2023,"1,486.03"
12-10-2023,"1,457.29"
13-10-2023,"1,423.13"
16-10-2023,"1,426.11"
17-10-2023,"1,434.37"
18-10-2023,"1,432.48"
19-10-2023,"1,425.62"
20-10-2023,"1,419.25"
23-10-2023,"1,400.76"
25-10-2023,"1,362.37"
26-10-2023,"1,351.83"
27-10-2023,"1,372.61"
30-10-2023,"1,369.33"
31-10-2023,"1,360.73"
01-11-2023,"1,346.56"
02-11-2023,"1,362.47"
03-11-2023,"1,381.27"
06-11-2023,"1,395.44"
07-11-2023,"1,396.43"
08-11-2023,"1,383.20"
09-11-2023,"1,367.10"
10-11-2023,"1,361.18"
12-11-2023,"1,388.20"
13-11-2023,"1,365.85"
15-11-2023,"1,402.60"
16-11-2023,"1,436.80"
17-11-2023,"1,429.49"
20-11-2023,"1,428.55"
21-11-2023,"1,430.94"
22-11-2023,"1,449.63"
23-11-2023,"1,441.13"
24-11-2023,"1,429.34"
28-11-2023,"1,434.61"
29-11-2023,"1,451.42"
30-11-2023,"1,446.99"
01-12-2023,"1,444.16"
04-12-2023,"1,456.14"
05-12-2023,"1,445.80"
06-12-2023,"1,466.04"
07-12-2023,"1,457.69"
08-12-2023,"1,482.79"
11-12-2023,"1,480.16"
12-12-2023,"1,467.78"
13-12-2023,"1,440.88"
14-12-2023,"1,493.04"
15-12-2023,"1,569.56"
18-12-2023,"1,555.58"
19-12-2023,"1,549.57"
20-12-2023,"1,527.79"
21-12-2023,"1,527.39"
22-12-2023,"1,554.14"
26-12-2023,"1,535.30"
27-12-2023,"1,558.32"
28-12-2023,"1,553.89"
29-12-2023,"1,534.25"
01-01-2024,"1,542.66"
02-01-2024,"1,525.80"
03-01-2024,"1,481.65"
04-01-2024,"1,504.22"
05-01-2024,"1,523.96"
08-01-2024,"1,514.27"
09-01-2024,"1,520.73"
10-01-2024,"1,511.38"
11-01-2024,"1,485.83"
12-01-2024,"1,603.71"
15-01-2024,"1,642.84"
16-01-2024,"1,622.41"
17-01-2024,"1,631.01"
18-01-2024,"1,633.40"
19-01-2024,"1,649.90"
20-01-2024,"1,648.85"
23-01-2024,"1,632.95"
24-01-2024,"1,666.01"
25-01-2024,"1,659.75"
29-01-2024,"1,647.32"
30-01-2024,"1,642.19"
31-01-2024,"1,651.59"
01-02-2024,"1,647.76"
02-02-2024,"1,683.86"
05-02-2024,"1,677.74"
06-02-2024,"1,719.76"
07-02-2024,"1,684.26"
08-02-2024,"1,682.62"
09-02-2024,"1,659.99"
12-02-2024,"1,670.69"
13-02-2024,"1,675.11"
14-02-2024,"1,656.86"
15-02-2024,"1,666.96"
16-02-2024,"1,692.11"
19-02-2024,"1,690.22"
20-02-2024,"1,675.81"
21-02-2024,"1,646.27"
22-02-2024,"1,671.93"
23-02-2024,"1,667.45"
26-02-2024,"1,650.85"
27-02-2024,"1,654.28"
28-02-2024,"1,661.88"
29-02-2024,"1,664.52"
01-03-2024,"1,645.43"
02-03-2024,"1,656.30"
04-03-2024,"1,628.03"
05-03-2024,"1,597.50"
06-03-2024,"1,608.48"
07-03-2024,"1,607.39"
11-03-2024,"1,591.63"
12-03-2024,"1,603.91"
13-03-2024,"1,602.37"
14-03-2024,"1,644.04"
15-03-2024,"1,624.84"
18-03-2024,"1,593.67"
19-03-2024,"1,552.70"
20-03-2024,"1,546.24"
21-03-2024,"1,545.99"
22-03-2024,"1,500.39"
26-03-2024,"1,484.29"
27-03-2024,"1,475.54"
28-03-2024,"1,489.66"
01-04-2024,"1,487.07"
02-04-2024,"1,474.54"
03-04-2024,"1,472.35"
04-04-2024,"1,478.37"
05-04-2024,"1,470.81"
08-04-2024,"1,468.43"
09-04-2024,"1,486.47"
10-04-2024,"1,498.36"
12-04-2024,"1,476.43"
15-04-2024,"1,459.92"
16-04-2024,"1,406.52"
18-04-2024,"1,411.30"
19-04-2024,"1,403.34"
22-04-2024,"1,424.72"
23-04-2024,"1,434.32"
24-04-2024,"1,422.73"
25-04-2024,"1,430.39"
26-04-2024,"1,422.23"
29-04-2024,"1,426.71"
30-04-2024,"1,412.59"
02-05-2024,"1,406.52"
03-05-2024,"1,408.36"
06-05-2024,"1,417.91"
07-05-2024,"1,432.88"
08-05-2024,"1,419.30"
09-05-2024,"1,431.48"
10-05-2024,"1,416.92"
13-05-2024,"1,415.47"
14-05-2024,"1,416.72"
15-05-2024,"1,411.99"
16-05-2024,"1,445.20"
17-05-2024,"1,436.21"
18-05-2024,"1,443.65"
21-05-2024,"1,426.11"
22-05-2024,"1,446.65"
23-05-2024,"1,464.15"
24-05-2024,"1,456.89"
27-05-2024,"1,463.10"
28-05-2024,"1,458.83"
29-05-2024,"1,442.82"
30-05-2024,"1,419.45"
31-05-2024,"1,406.90"
03-06-2024,"1,405.90"
04-06-2024,"1,393.65"
05-06-2024,"1,430.10"
06-06-2024,"1,472.25"
07-06-2024,"1,533.60"
10-06-2024,"1,499.75"
11-06-2024,"1,495.75"
12-06-2024,"1,485.20"
13-06-2024,"1,493.95"
14-06-2024,"1,488.90"
18-06-2024,"1,498.20"
19-06-2024,"1,511.35"
20-06-2024,"1,515.40"
21-06-2024,"1,532.70"
24-06-2024,"1,527.15"
25-06-2024,"1,541.95"
26-06-2024,"1,540.70"
27-06-2024,"1,573.35"
28-06-2024,"1,566.75"
01-07-2024,"1,590.80"
02-07-2024,"1,621.05"
03-07-2024,"1,627.40"
04-07-2024,"1,650.65"
05-07-2024,"1,647.45"
08-07-2024,"1,661.65"
09-07-2024,"1,657.15"
10-07-2024,"1,648.25"
11-07-2024,"1,652.70"
12-07-2024,"1,711.75"
15-07-2024,"1,707.05"
16-07-2024,"1,726.05"
18-07-2024,"1,758.05"
19-07-2024,"1,792.95"
22-07-2024,"1,810.85"
23-07-2024,"1,836.90"
24-07-2024,"1,833.95"
25-07-2024,"1,824.85"
26-07-2024,"1,878.90"
29-07-2024,"1,871.10"
30-07-2024,"1,877.15"
31-07-2024,"1,868.25"
01-08-2024,"1,852.60"
02-08-2024,"1,821.20"
05-08-2024,"1,751.90"
06-08-2024,"1,751.10"
07-08-2024,"1,791.65"
08-08-2024,"1,743.15"
09-08-2024,"1,770.75"
12-08-2024,"1,797.40"
13-08-2024,"1,797.45"
14-08-2024,"1,823.25"
16-08-2024,"1,858.95"
19-08-2024,"1,864.80"
20-08-2024,"1,872.20"
21-08-2024,"1,872.70"
22-08-2024,"1,880.25"
23-08-2024,"1,862.10"
26-08-2024,"1,876.15"
27-08-2024,"1,900.10"
28-08-2024,"1,939.10"
29-08-2024,"1,933.35"
30-08-2024,"1,943.70"
02-09-2024,"1,964.50"
03-09-2024,"1,941.25"
04-09-2024,"1,922.45"
05-09-2024,"1,933.15"
06-09-2024,"1,901.85"
09-09-2024,"1,894.65"
10-09-2024,"1,912.30"
11-09-2024,"1,910.15"
12-09-2024,"1,950.45"
13-09-2024,"1,944.10"
16-09-2024,"1,950.25"
17-09-2024,"1,952.55"
18-09-2024,"1,892.15"
19-09-2024,"1,894.20"
20-09-2024,"1,905.75"
23-09-2024,"1,896.45"
24-09-2024,"1,898.60"
25-09-2024,"1,895.30"
26-09-2024,"1,900.25"
27-09-2024,"1,906.75"
30-09-2024,"1,875.60"
01-10-2024,"1,904.35"
03-10-2024,"1,893.40"
04-10-2024,"1,918.15"
07-10-2024,"1,934.30"
08-10-2024,"1,948.55"
09-10-2024,"1,952.75"
10-10-2024,"1,919.00"
11-10-2024,"1,935.10"
14-10-2024,"1,958.90"
15-10-2024,"1,959.30"
16-10-2024,"1,920.10"
17-10-2024,"1,968.10"
18-10-2024,"1,879.60"
21-10-2024,"1,852.75"
22-10-2024,"1,851.60"
23-10-2024,"1,873.40"
24-10-2024,"1,863.35"
25-10-2024,"1,862.05"
28-10-2024,"1,865.35"
29-10-2024,"1,839.30"
30-10-2024,"1,802.10"
31-10-2024,"1,757.25"
01-11-2024,"1,760.85"
04-11-2024,"1,763.65"
05-11-2024,"1,754.20"
06-11-2024,"1,823.70"
07-11-2024,"1,803.05"
08-11-2024,"1,829.95"
11-11-2024,"1,860.10"
12-11-2024,"1,868.80"
13-11-2024,"1,868.40"
14-11-2024,"1,864.55"
18-11-2024,"1,811.45"
19-11-2024,"1,824.75"
21-11-2024,"1,834.05"
22-11-2024,"1,902.25"
25-11-2024,"1,889.70"
26-11-2024,"1,924.15"
27-11-2024,"1,924.50"
28-11-2024,"1,856.65"
29-11-2024,"1,857.85"
02-12-2024,"1,879.80"
03-12-2024,"1,892.10"
04-12-2024,"1,889.25"
05-12-2024,"1,934.85"
06-12-2024,"1,922.40"
09-12-2024,"1,923.65"
10-12-2024,"1,948.55"
11-12-2024,"1,974.15"
12-12-2024,"1,987.00"
13-12-2024,"1,999.70"
16-12-2024,"1,980.05"
17-12-2024,"1,976.60"
18-12-2024,"1,979.15"
19-12-2024,"1,946.20"
20-12-2024,"1,922.15"
23-12-2024,"1,924.30"
24-12-2024,"1,909.05"
26-12-2024,"1,907.40"
27-12-2024,"1,916.75"
30-12-2024,"1,906.00"
31-12-2024,"1,880.00"
01-01-2025,"1,882.50"
